show_id,type,title,country,date_added,release_year,rating,duration,listed_in,description
s1,TV Show,3%,Brazil,"August 14, 2020",2020,TV-MA,4 Seasons,"International TV Shows, TV Dramas, TV Sci-Fi & Fantasy","In a future where the elite inhabit an island paradise far from the crowded slums, you get one chance to join the 3% saved from squalor."
s2,Movie,7:19,Mexico,"December 23, 2016",2016,TV-MA,93 min,"Dramas, International Movies","After a devastating earthquake hits Mexico City, trapped survivors from all walks of life wait to be rescued while trying desperately to stay alive."
s3,Movie,23:59,Singapore,"December 20, 2018",2011,R,78 min,"Horror Movies, International Movies","When an army recruit is found dead, his fellow soldiers are forced to confront a terrifying secret that's haunting their jungle island training camp."
s4,Movie,9,United States,"November 16, 2017",2009,PG-13,80 min,"Action & Adventure, Independent Movies, Sci-Fi & Fantasy","In a postapocalyptic world, rag-doll robots hide in fear from dangerous machines out to exterminate them, until a brave newcomer joins the group."
s5,Movie,21,United States,"January 1, 2020",2008,PG-13,123 min,Dramas,A brilliant group of students become card-counting experts with the intent of swindling millions out of Las Vegas casinos by playing blackjack.
s6,TV Show,46,Turkey,"July 1, 2017",2016,TV-MA,1 Season,"International TV Shows, TV Dramas, TV Mysteries","A genetics professor experiments with a treatment for his comatose sister that blends medical and shamanic cures, but unlocks a shocking side effect."
s7,Movie,122,,"June 1, 2020",2019,TV-MA,95 min,"Horror Movies, International Movies","After an awful accident, a couple admitted to a grisly hospital are separated and must find each other to escape — before death finds them."
s8,Movie,187,United States,"November 1, 2019",1997,R,119 min,Dramas,"After one of his high school students attacks him, dedicated teacher Trevor Garfield grows weary of the gang warfare in the New York City school system and moves to California to teach there, thinking it must be a less hostile environment."
s9,Movie,706,India,"April 1, 2019",2019,TV-14,118 min,"Horror Movies, International Movies","When a doctor goes missing, his psychiatrist wife treats the bizarre medical condition of a psychic patient, who knows much more than he's leading on."
s10,Movie,1920,India,"December 15, 2017",2008,TV-MA,143 min,"Horror Movies, International Movies, Thrillers",An architect and his wife move into a castle that is slated to become a luxury hotel. But something inside is determined to stop the renovation.
s11,Movie,1922,United States,"October 20, 2017",2017,TV-MA,103 min,"Dramas, Thrillers","A farmer pens a confession admitting to his wife's murder, but her death is just the beginning of a macabre tale. Based on Stephen King's novella."
s12,TV Show,1983,"Poland, United States","November 30, 2018",2018,TV-MA,1 Season,"Crime TV Shows, International TV Shows, TV Dramas","In this dark alt-history thriller, a naïve law student and a world-weary detective uncover a conspiracy that has tyrannized Poland for decades."
s13,TV Show,1994,Mexico,"May 17, 2019",2019,TV-MA,1 Season,"Crime TV Shows, Docuseries, International TV Shows","Archival video and new interviews examine Mexican politics in 1994, a year marked by the rise of the EZLN and the assassination of Luis Donaldo Colosio."
s14,Movie,2215,Thailand,"March 1, 2019",2018,TV-MA,89 min,"Documentaries, International Movies, Sports Movies","This intimate documentary follows rock star Artiwara Kongmalai on his historic, 2,215-kilometer charity run across Thailand in 2017."
s15,Movie,3022,United States,"March 19, 2020",2019,R,91 min,"Independent Movies, Sci-Fi & Fantasy, Thrillers","Stranded when the Earth is suddenly destroyed in a mysterious cataclysm, the astronauts aboard a marooned space station slowly lose their minds."
s16,Movie,Oct-01,Nigeria,"September 1, 2019",2014,TV-14,149 min,"Dramas, International Movies, Thrillers","Against the backdrop of Nigeria's looming independence from Britain, detective Danladi Waziri races to capture a killer terrorizing local women."
s17,TV Show,Feb-09,,"March 20, 2019",2018,TV-14,1 Season,"International TV Shows, TV Dramas","As a psychology professor faces Alzheimer's, his daughter and her three close female friends experience romance, marriage, heartbreak and tragedy."
s18,Movie,22-Jul,"Norway, Iceland, United States","October 10, 2018",2018,R,144 min,"Dramas, Thrillers","After devastating terror attacks in Norway, a young survivor, grieving families and the country rally for justice and healing. Based on a true story."
s19,Movie,15-Aug,India,"March 29, 2019",2019,TV-14,124 min,"Comedies, Dramas, Independent Movies","On India's Independence Day, a zany mishap in a Mumbai chawl disrupts a young love story while compelling the residents to unite in aid of a little boy."
s20,Movie,'89,United Kingdom,"May 16, 2018",2017,TV-PG,87 min,Sports Movies,"Mixing old footage with interviews, this is the story of Arsenal's improbable win versus Liverpool in the final moments of the 1989 championship game."
s21,Movie,​​Kuch Bheege Alfaaz,India,"September 1, 2018",2018,TV-14,110 min,"Dramas, Independent Movies, International Movies","After accidentally connecting over the Internet, two strangers form a tight friendship – not knowing they already share a bond."
s22,Movie,​Goli Soda 2,India,"September 15, 2018",2018,TV-14,128 min,"Action & Adventure, Dramas, International Movies","A taxi driver, a gangster and an athlete struggle to better their lives despite obstacles like crooked politicians, evil dons and caste barriers."
s23,Movie,​Maj Rati ​​Keteki,India,"September 15, 2018",2017,TV-14,117 min,"Dramas, International Movies","A successful writer returns to the town that launched his career, encountering people who spark nostalgic, often painfully illuminating flashbacks."
s24,Movie,​Mayurakshi,India,"September 15, 2018",2017,TV-14,100 min,"Dramas, International Movies","When a middle-aged divorcee returns to Kolkata to visit his ailing father, long-buried memories resurface, bringing new discoveries with them."
s25,TV Show,​SAINT SEIYA: Knights of the Zodiac,Japan,"January 23, 2020",2020,TV-14,2 Seasons,"Anime Series, International TV Shows","Seiya and the Knights of the Zodiac rise again to protect the reincarnation of the goddess Athena, but a dark prophecy hangs over them all."
s26,Movie,(T)ERROR,United States,"June 30, 2016",2015,NR,84 min,Documentaries,This real-life look at FBI counterterrorism operations features access to both sides of a sting: the government informant and the radicalized target.
s27,TV Show,(Un)Well,United States,"August 12, 2020",2020,TV-MA,1 Season,Reality TV,"This docuseries takes a deep dive into the lucrative wellness industry, which touts health and healing. But do the products live up to the promises?"
s28,Movie,#Alive,South Korea,"September 8, 2020",2020,TV-MA,99 min,"Horror Movies, International Movies, Thrillers","As a grisly virus rampages a city, a lone man stays locked inside his apartment, digitally cut off from seeking help and desperate to find a way out."
s29,Movie,#AnneFrank - Parallel Stories,Italy,"July 1, 2020",2019,TV-14,95 min,"Documentaries, International Movies","Through her diary, Anne Frank's story is retold alongside those of five Holocaust survivors in this poignant documentary from Oscar winner Helen Mirren."
s30,TV Show,#blackAF,United States,"April 17, 2020",2020,TV-MA,1 Season,TV Comedies,"Kenya Barris and his family navigate relationships, race and culture while grappling with their newfound success in this comedy series."
s31,Movie,#cats_the_mewvie,Canada,"February 5, 2020",2020,TV-14,90 min,"Documentaries, International Movies","This pawesome documentary explores how our feline friends became online icons, from the earliest text memes to the rise of celebrity cat influencers."
s32,Movie,#FriendButMarried,Indonesia,"May 21, 2020",2018,TV-G,102 min,"Dramas, International Movies, Romantic Movies","Pining for his high school crush for years, a young man puts up his best efforts to move out of the friend zone until she reveals she's getting married."
s33,Movie,#FriendButMarried 2,Indonesia,"June 28, 2020",2020,TV-G,104 min,"Dramas, International Movies, Romantic Movies","As Ayu and Ditto finally transition from best friends to newlyweds, a quick pregnancy creates uncertainty for the future of their young marriage."
s34,Movie,#realityhigh,United States,"September 8, 2017",2017,TV-14,99 min,Comedies,"When nerdy high schooler Dani finally attracts the interest of her longtime crush, she lands in the cross hairs of his ex, a social media celebrity."
s35,Movie,#Roxy,Canada,"April 10, 2019",2018,TV-14,105 min,"Comedies, Romantic Movies",A teenage hacker with a huge nose helps a cool kid woo a girl that he’s secretly in love with.
s36,Movie,#Rucker50,United States,"December 1, 2016",2016,TV-PG,56 min,"Documentaries, Sports Movies",This documentary celebrates the 50th anniversary of the Harlem sports program that has inspired countless city kids to become pro basketball players.
s37,Movie,#Selfie,Romania,"June 1, 2019",2014,TV-MA,125 min,"Comedies, Dramas, International Movies","Two days before their final exams, three teen girls make a seaside getaway to end their adolescence with a bang."
s38,Movie,#Selfie 69,Romania,"June 1, 2019",2016,TV-MA,119 min,"Comedies, Dramas, International Movies","After a painful breakup, a trio of party-loving friends makes a bet: who can get married in three days."
s39,TV Show,แผนร้ายนายเจ้าเล่ห์,,"March 30, 2019",2016,TV-14,1 Season,"International TV Shows, Romantic TV Shows, TV Comedies","When two brothers fall for two sisters, they quickly realize the age differences between them are too big to ignore."
s40,Movie,"¡Ay, mi madre!",Spain,"July 19, 2019",2019,TV-MA,81 min,"Comedies, International Movies","When her estranged mother suddenly dies, a woman must follow the quirky instructions laid out in the will in order to collect an important inheritance."
s41,Movie,Çarsi Pazar,Turkey,"March 10, 2017",2015,TV-14,97 min,"Comedies, International Movies",The slacker owner of a public bath house rallies his community to save it when a big developer comes to town to close it down and open a new mall.
s42,Movie,Ég man þig,Iceland,"March 27, 2018",2017,TV-MA,106 min,"Horror Movies, International Movies","Young urbanites renovating a rundown house, and a psychiatrist grieving his son's disappearance, are connected to a supernatural, decades-old secret."
s43,Movie,Çok Filim Hareketler Bunlar,Turkey,"March 10, 2017",2010,TV-MA,99 min,"Comedies, International Movies","Vignettes of the summer holidays follow vacationers as they battle mosquitoes, suffer ruined plans and otherwise hit snags in their precious time off."
s44,Movie,Òlòtūré,Nigeria,"October 2, 2020",2020,TV-MA,107 min,"Dramas, International Movies","In Lagos, a journalist goes undercover as a prostitute to expose human trafficking. What she finds is a world of exploited women and ruthless violence."
s45,Movie,Æon Flux,United States,"February 1, 2018",2005,PG-13,93 min,"Action & Adventure, Sci-Fi & Fantasy","Aiming to hasten an uprising, the leader of an underground rebellion dispatches acrobatic assassin Aeon Flux to eliminate the government's top leader."
s46,TV Show,Şubat,Turkey,"January 17, 2017",2013,TV-MA,1 Season,"Crime TV Shows, International TV Shows, TV Dramas","An orphan subjected to tests that gave him superpowers is rescued and raised on Istanbul's streets, where he falls for a reporter linked to his past."
s47,Movie,1 Chance 2 Dance,United States,"July 1, 2017",2014,TV-PG,89 min,"Dramas, Romantic Movies","When an aspiring dancer is uprooted during her senior year of high school, she finds herself torn between two boys – and with one shot at her dream."
s48,Movie,1 Mile to You,United States,"July 7, 2017",2017,TV-14,105 min,"Dramas, Romantic Movies, Sports Movies","After escaping the bus accident that killed his girlfriend, a high school student channels his grief into running, with the help of a new coach."
s49,Movie,10 Days in Sun City,"South Africa, Nigeria","October 18, 2019",2017,TV-14,87 min,"Comedies, International Movies, Romantic Movies","After his girlfriend wins the Miss Nigeria pageant, a young man faces unexpected competition of his own when he joins her on a campaign in South Africa."
s50,Movie,10 jours en or,France,"July 1, 2017",2012,TV-14,97 min,"Comedies, Dramas, International Movies","When a carefree bachelor is unexpectedly left in charge of a young boy, the two embark on a road trip that will change both of their lives."
s51,Movie,"10,000 B.C.","United States, South Africa","June 1, 2019",2008,PG-13,109 min,Action & Adventure,Fierce mammoth hunter D'Leh sets out on an impossible journey to rescue the woman he loves from a vicious warlord and save the people of his village.
s52,TV Show,100 Days My Prince,South Korea,"December 7, 2020",2018,TV-14,1 Season,"International TV Shows, Romantic TV Shows, TV Dramas","Upon losing his memory, a crown prince encounters a commoner’s life and experiences unforgettable love as the husband to Joseon’s oldest bachelorette."
s53,Movie,100 Days Of Solitude,Spain,"July 6, 2018",2018,TV-MA,93 min,"Documentaries, International Movies","Spanish photographer José Díaz spends 100 days living alone on a remote mountain, connecting to nature and documenting the beauty of his surroundings."
s54,TV Show,100 Humans,United States,"March 13, 2020",2020,TV-14,1 Season,"Docuseries, Science & Nature TV","One hundred hardy souls from diverse backgrounds participate in playful experiments exploring age, sex, happiness and other aspects of being human."
s55,Movie,100 Meters,"Portugal, Spain","March 10, 2017",2016,TV-MA,109 min,"Dramas, International Movies, Sports Movies","A man who is diagnosed with multiple sclerosis responds by training for an Ironman triathlon, with his cranky father-in-law's help."
s56,Movie,100 Things to do Before High School,United States,"November 2, 2019",2014,TV-Y,44 min,Movies,"Led by seventh-grader C.J., three students who have been warned about the dangers of high school decide to make the best of their middle-school years."
s57,Movie,100 Years: One Woman's Fight for Justice,United States,"March 20, 2018",2016,TV-14,75 min,Documentaries,This documentary chronicles Elouise Cobell's long fight against the U.S. government for the gross mismanagement of mineral-rich Native American land.
s58,Movie,100% Halal,Indonesia,"January 7, 2021",2020,TV-14,101 min,"Dramas, International Movies","After high school, a young woman marries the man of her father's choice but soon faces the possibility that her religion considers the union invalid."
s59,TV Show,100% Hotter,United Kingdom,"November 1, 2019",2017,TV-14,1 Season,"British TV Shows, International TV Shows, Reality TV","A stylist, a hair designer and a makeup artist team up to give Britain's biggest fashion disasters some much-needed makeunders."
s60,Movie,1000 Rupee Note,India,"December 1, 2016",2014,TV-14,89 min,"Dramas, International Movies","After randomly receiving a handsome political bribe, a sweet, poor elderly woman decides to treat herself a shopping spree, which doesn't go smoothly."
s61,Movie,12 ROUND GUN,United States,"March 14, 2019",2017,TV-MA,90 min,"Dramas, Independent Movies, Sports Movies","Dealing with personal demons and the death of his son, a prizefighter attempts a return to the ring by challenging his rival to a 12-round rematch."
s62,TV Show,12 Years Promise,South Korea,"May 22, 2017",2014,TV-14,1 Season,"International TV Shows, Korean TV Shows, Romantic TV Shows","A pregnant teen is forced by her family to leave her boyfriend and assume a new identity in America, but 12 years later, the couple reunites in Korea."
s63,Movie,13 Cameras,United States,"August 13, 2016",2015,NR,90 min,"Horror Movies, Independent Movies, Thrillers","Young parents-to-be Claire and Ryan move into a suburban rental home, unaware that someone is secretly watching their every move via hidden cameras."
s64,TV Show,13 Reasons Why,United States,"June 5, 2020",2020,TV-MA,4 Seasons,"Crime TV Shows, TV Dramas, TV Mysteries","After a teenage girl's perplexing suicide, a classmate receives a series of tapes that unravel the mystery of her tragic choice."
s65,TV Show,13 Reasons Why: Beyond the Reasons,United States,"August 23, 2019",2019,TV-MA,3 Seasons,"Crime TV Shows, Docuseries","Cast members, writers, producers and mental health professionals discuss some of the difficult issues and themes explored in ""13 Reasons Why."""
s66,Movie,13 Sins,United States,"January 13, 2019",2014,R,93 min,"Horror Movies, Thrillers","A man agrees to appear on a game show with a $6 million prize. But as the challenges become more extreme, he realizes he's made a grave mistake."
s67,Movie,13TH,United States,"October 7, 2016",2016,TV-MA,101 min,Documentaries,"In this thought-provoking documentary, scholars, activists and politicians analyze the criminalization of African Americans and the U.S. prison boom."
s68,Movie,13TH: A Conversation with Oprah Winfrey & Ava DuVernay,,"January 26, 2017",2017,,37 min,Movies,"Oprah Winfrey sits down with director Ava DuVernay to discuss her Oscar-nominated film, historical cycles of oppression and the broken prison system."
s69,Movie,14 Blades,"Hong Kong, China, Singapore","April 3, 2019",2010,R,113 min,"Action & Adventure, International Movies","In the age of the Ming Dynasty, Quinglong is the best of the Jinyiwei, an elite assassin squad made up of highly trained former street urchins. When evil eunuch Jia unseats the emperor, Quinglong is called to action but is quickly betrayed."
s70,Movie,14 Cameras,United States,"October 27, 2018",2018,TV-MA,89 min,"Horror Movies, Thrillers","Upping the “13 Cameras” ante, this sequel finds a family renting a vacation house that’s been customized to violate their privacy."
s71,Movie,14 Minutes from Earth,United States,"February 1, 2019",2016,TV-MA,84 min,Documentaries,A Google executive boldly attempts a death-defying mission to travel to space and free-fall back to Earth without a rocket.
s72,Movie,16 Blocks,"United States, Germany","November 1, 2019",2006,PG-13,102 min,Action & Adventure,"Tasked with escorting a prosecution witness to court, an aging cop gears up for the 16-block trek – but they'll be lucky to make it there alive."
s73,Movie,17 Again,United States,"January 1, 2021",2009,PG-13,102 min,Comedies,"Nearing a midlife crisis, thirty-something Mike wishes for a ""do-over"" – and that's exactly what he gets when he wakes up to find he's 17 again."
s74,Movie,18 Presents,Italy,"May 8, 2020",2020,TV-MA,114 min,"Dramas, Independent Movies, International Movies",A pregnant mother with terminal cancer leaves behind 18 sentimental gifts for her unborn daughter to receive every birthday until she reaches womanhood.
s75,Movie,1898: Our Last Men in the Philippines,Spain,"June 2, 2017",2016,R,130 min,"Dramas, International Movies","While Spain relinquishes its last colonies, a battle-fatigued outpost engages in a long, brutal and sometimes bizarre clash with Filipino insurgents."
s76,Movie,1BR,United States,"August 23, 2020",2019,TV-MA,90 min,"Horror Movies, Independent Movies, Thrillers","Seeking her independence, a young woman moves to Los Angeles and settles into a cozy apartment complex with a disturbing sense of community."
s77,Movie,1st Summoning,United States,"July 26, 2019",2018,TV-MA,94 min,"Horror Movies, Independent Movies","Student filmmakers uncover occult rituals tied to an abandoned warehouse, then gradually realize the horror is closer than they think."
s78,Movie,2 Alone in Paris,France,"June 1, 2020",2008,TV-MA,97 min,"Comedies, International Movies","A bumbling Paris policeman is doggedly determined to capture the master thief that repeatedly eludes him, even when they're the last two men on Earth."
s79,Movie,2 States,India,"August 4, 2018",2014,TV-PG,143 min,"Comedies, Dramas, International Movies","Graduate students Krish and Ananya hope to win their parents' approval before they marry, but the two families clash over their cultural differences."
s80,Movie,20 Feet From Stardom,United States,"September 22, 2018",2013,PG-13,91 min,"Documentaries, Music & Musicals","Winner of the 2014 Academy Award for Best Documentary Feature, this film takes a look at the world of backup vocalists and the legends they support."
s81,TV Show,20 Minutes,Turkey,"August 15, 2017",2013,TV-MA,1 Season,"Crime TV Shows, International TV Shows, TV Dramas","When his wife is convicted of murder, a horrified family man races to prove her innocence while a dogged investigator sets out to uncover the truth."
s82,Movie,2015 Dream Concert,South Korea,"April 28, 2017",2015,TV-PG,107 min,"International Movies, Music & Musicals","The world's biggest K-pop festival marked its 21st year in 2015, with groups such as EXO, 4Minute and SHINee electrifying the Seoul World Cup Stadium."
s83,Movie,2036 Origin Unknown,United Kingdom,"December 20, 2018",2018,TV-14,95 min,Sci-Fi & Fantasy,"Working with an artificial intelligence to investigate the failure of a deadly Mars landing, a mission controller makes an astonishing discovery."
s84,Movie,20th Century Women,United States,"June 28, 2019",2016,R,119 min,"Dramas, Independent Movies","In 1979, single bohemian mom Dorothea, hoping to help her teen son find his place as a man, asks two young women to share their lives with him."
s85,Movie,21 & Over,United States,"April 16, 2019",2013,R,93 min,Comedies,Jeff's straight-and-narrow life changes abruptly when his buddies take him out for a birthday bash – the night before a crucial med school interview.
s86,TV Show,21 Again,United Kingdom,"July 1, 2020",2019,TV-MA,1 Season,"British TV Shows, Reality TV","In a social experiment, a group of daughters sends their mothers, disguised as 21-year-olds, into the world to experience life as a member of Gen Z."
s87,TV Show,21 Sarfarosh: Saragarhi 1897,India,"December 1, 2018",2018,TV-14,1 Season,"International TV Shows, TV Dramas","In one of history's greatest last stands, a battalion of 21 Sikh soldiers fights to defend their outpost from attack by over 10,000 Afghans."
s88,TV Show,21 Thunder,Canada,"March 1, 2018",2017,TV-MA,1 Season,"Crime TV Shows, International TV Shows, TV Dramas","Players and coaches for a Montreal soccer team chase dreams of stardom while their personal lives erupt with love, fear, passion and violence."
s89,Movie,2307: Winter's Dream,United States,"March 1, 2018",2016,TV-MA,101 min,"Action & Adventure, Independent Movies, Sci-Fi & Fantasy","In the frozen tundra of a futuristic Arizona where humans have been forced underground, a soldier hunts the bioengineered leader of a rebellion."
s90,Movie,24 Hours to Live,"South Africa, China, United States","April 7, 2018",2017,R,93 min,Action & Adventure,"Revived by an experimental procedure, a hit man gets to live an extra 24 hours – which he uses to avenge his dead wife and child and redeem himself."
s91,Movie,25 Kille,India,"October 1, 2018",2016,TV-14,140 min,"Action & Adventure, Dramas, International Movies","Four brothers learn that they have inherited ancestral land, but must fight to claim it when a greedy feudal lord threatens to take it over."
s92,Movie,26 Years,South Korea,"October 1, 2017",2012,TV-MA,135 min,"Dramas, International Movies, Thrillers","Twenty-six years after the 1980 massacre at Gwangju, South Korea, three relatives of the victims come together to avenge the infamous orchestrator."
s93,Movie,"27, el club de los malditos",Argentina,"May 1, 2018",2018,TV-MA,82 min,"Action & Adventure, Comedies, International Movies","After a musician dies under suspicious circumstances, a hard-drinking detective and a music fan investigate why rock stars often die at the age of 27."
s94,Movie,27: Gone Too Soon,United Kingdom,"May 1, 2018",2017,TV-MA,70 min,Documentaries,"Explore the circumstances surrounding the tragic deaths at 27 of Jimi Hendrix, Jim Morrison, Brian Jones, Janis Joplin, Kurt Cobain and Amy Winehouse."
s95,Movie,28 Days,United States,"September 30, 2020",2000,PG-13,104 min,"Comedies, Dramas","After her drunken antics result in property damage, an alcoholic journalist enters rehab – and soon meets a fellow resident who changes her outlook."
s96,TV Show,28 Moons,South Korea,"June 10, 2017",2016,TV-PG,1 Season,"International TV Shows, Korean TV Shows, Romantic TV Shows","When her fiancé acts strangely upon receiving a mysterious invitation, a florist sets out to find out the truth behind the tiny scrap of paper."
s97,Movie,3 Days to Kill,"United States, France, Serbia","December 1, 2020",2014,PG-13,117 min,Action & Adventure,A terminally ill secret agent accepts a risky mission in exchange for an experimental drug that might save him – if he can survive its side effects.
s98,Movie,3 Deewarein,,"December 31, 2019",2003,TV-MA,121 min,"Dramas, International Movies, Thrillers","A reporter interviews three convicts on death row for a documentary but as their stories emerge, so do her own true motivations for soliciting them."
s99,Movie,3 Generations,United States,"August 28, 2017",2015,PG-13,92 min,"Dramas, LGBTQ Movies","When teenage Ray begins transitioning from female to male, his single mom and grandmother must cope with the change while tracking down his father."
s100,Movie,3 Heroines,Indonesia,"January 5, 2019",2016,TV-PG,124 min,"Dramas, International Movies, Sports Movies",Three Indonesian women break records by becoming the first of their nation to medal in archery at the Seoul Olympics in the summer of 1988.
s101,Movie,3 Idiots,India,"August 1, 2019",2009,PG-13,164 min,"Comedies, Dramas, International Movies","While attending one of India's premier colleges, three miserable engineering students and best friends struggle to beat the school's draconian system."
s102,Movie,3 Seconds Divorce,Canada,"June 15, 2019",2018,TV-PG,53 min,"Documentaries, Faith & Spirituality","A Muslim women's activist group in India protests against oral divorces, starting a movement to reclaim their religious and constitutional rights."
s103,Movie,3 Türken & ein Baby,Germany,"December 15, 2016",2015,TV-MA,93 min,"Comedies, International Movies",The lives of three dissatisfied brothers running a family bridal shop turn topsy-turvy when one of them has to care for his ex-girlfriend's baby.
s104,Movie,30 Days of Luxury,Egypt,"April 18, 2019",2016,TV-14,91 min,"Comedies, International Movies","With the help of his friends, a man breaks out of prison in hopes of restoring a lively nightclub."
s105,Movie,30 Minutes or Less,United States,"January 1, 2021",2011,R,83 min,"Action & Adventure, Comedies",Two crooks planning a bank heist wind up abducting a pizza delivery driver and force him to commit the robbery — with a strict time limit.
s106,Movie,300 Miles to Heaven,"Denmark, France, Poland","October 1, 2019",1989,TV-14,93 min,"Dramas, International Movies","Hoping to help their dissident parents, two brothers sneak out of Poland and land as refugees in Denmark, where they are prevented from returning home."
s107,Movie,365 Days,Poland,"June 7, 2020",2020,TV-MA,114 min,"Dramas, International Movies, Romantic Movies","A fiery executive in a spiritless relationship falls victim to a dominant mafia boss, who imprisons her and gives her one year to fall in love with him."
s108,Movie,37 Seconds,Japan,"January 31, 2020",2020,TV-MA,116 min,"Dramas, International Movies","Trapped by society and familial obligations, a young manga artist goes on an unconventional journey for sexual freedom and personal liberation."
s109,TV Show,3Below: Tales of Arcadia,United States,"July 12, 2019",2019,TV-Y7,2 Seasons,"Kids' TV, TV Action & Adventure, TV Sci-Fi & Fantasy","After crash-landing on Earth, two royal teen aliens on the run struggle to blend in with humans as they evade intergalactic bounty hunters."
s110,Movie,40 Sticks,Kenya,"November 20, 2020",2019,TV-14,93 min,"International Movies, Thrillers","When their prison bus crashes in a forest on a rainy night, a group of criminals finds themselves battling wild animals and a mysterious killer."
s111,Movie,42 Grams,United States,"February 1, 2018",2017,TV-MA,81 min,Documentaries,"After launching a successful underground restaurant out of their apartment, an ambitious chef and his wife open an all-consuming upscale eatery."
s112,TV Show,44 Cats,Italy,"October 1, 2020",2018,TV-Y7,2 Seasons,Kids' TV,"Paw-esome tales abound when singing furry friends Lampo, Milady, Pilou and Meatball band together."
s113,TV Show,45 rpm,Spain,"August 16, 2019",2019,TV-MA,1 Season,"International TV Shows, Romantic TV Shows, Spanish-Language TV Shows","In 1960s Madrid, music producer Guillermo Rojas launches a rock 'n' roll label with the help of aspiring singer Robert and clever producer Maribel."
s114,Movie,48 Christmas Wishes,Canada,"December 20, 2017",2017,TV-G,84 min,"Children & Family Movies, Comedies","When a small town's letters to Santa accidentally go up in smoke, two elves venture out of the North Pole to retrieve every missing wish."
s115,Movie,4L,Spain,"July 12, 2019",2019,TV-MA,105 min,"Comedies, Dramas, Independent Movies","Hoping to reunite with a dying friend, two longtime pals re-create their desert road trip from Spain to Mali, bringing along his estranged daughter."
s116,Movie,4th Man Out,United States,"May 5, 2016",2015,NR,86 min,"Comedies, LGBTQ Movies","A young mechanic comes out to his extremely straight best friends. Once they get used to the idea, they're determined to help him find the right guy."
s117,Movie,4th Republic,Nigeria,"June 13, 2020",2019,TV-MA,120 min,"Dramas, International Movies, Thrillers","After the election-night murder of her campaign manager at a polling site, a gubernatorial candidate challenges the corrupt incumbent's victory."
s118,Movie,5 Cowok Jagoan,,"January 5, 2019",2017,TV-MA,106 min,"Action & Adventure, Comedies, International Movies",Yanto asks his friends to help save a girlfriend who was kidnapped by a mobster. Silly slapstick and campy crimefighting ensues.
s119,Movie,5 Flights Up,United States,"March 17, 2019",2014,PG-13,92 min,"Comedies, Dramas, Independent Movies","A couple finds unexpected drama when, after 40 years of living in the same Brooklyn walk-up, they attempt to sell their apartment and buy a new one."
s120,Movie,5 Star Christmas,Italy,"December 7, 2018",2018,TV-14,96 min,"Comedies, International Movies","When the Italian prime minister meets his lover and political rival while on an official trip to Budapest during Christmas week, things go topsy-turvy."
s121,Movie,5 to 7,United States,"March 16, 2017",2014,R,97 min,"Comedies, Dramas, Romantic Movies",A young novelist's life is turned upside down when a chance encounter outside a New York hotel leads to an intense affair with a diplomat's wife.
s122,Movie,50 First Dates,United States,"December 1, 2020",2004,PG-13,99 min,"Comedies, Romantic Movies","After falling for a pretty art teacher who has no short-term memory, a marine veterinarian has to win her over again every single day."
s123,Movie,50/50,United States,"June 1, 2019",2011,R,100 min,"Comedies, Dramas, Independent Movies",An otherwise healthy twentysomething has a comically early midlife crisis when he gets slapped with a cancer diagnosis and a 50-50 chance of survival.
s124,Movie,5CM,Indonesia,"September 28, 2018",2012,TV-14,126 min,"Dramas, International Movies","Five friends embark on a mission to climb the highest peak in Java, overcoming obstacles on the way and discovering the true meaning of friendship."
s125,Movie,5Gang,Romania,"April 27, 2020",2019,TV-14,96 min,"Comedies, International Movies","To keep the band together, Selly tries to earn money by making an appearance at the birthday party of a mobster's daughter — until he gets kidnapped."
s126,Movie,6 Balloons,United States,"April 6, 2018",2018,TV-MA,75 min,"Dramas, Independent Movies",A loyal sister struggles to stay afloat while driving her heroin-addicted brother to a detox center and looking after his 2-year-old daughter.
s127,Movie,6 Days,"New Zealand, United Kingdom","February 8, 2018",2017,R,94 min,"Action & Adventure, Dramas, International Movies","When armed gunmen seize the Iranian Embassy in 1980, a tense six-day standoff ensues while elite British soldiers prepare for a dangerous raid."
s128,Movie,6 Underground,United States,"December 13, 2019",2019,R,129 min,"Action & Adventure, Dramas","After faking his death, a tech billionaire recruits a team of international operatives for a bold and bloody mission to take down a brutal dictator."
s129,Movie,6 Years,United States,"September 8, 2015",2015,TV-MA,80 min,"Dramas, Independent Movies, Romantic Movies","As a volatile young couple who have been together for six years approach college graduation, unexpected career opportunities threaten their future."
s130,Movie,6-5=2,India,"November 1, 2017",2014,TV-MA,103 min,"Horror Movies, International Movies, Thrillers","Six friends decide to undertake a grueling mountain trek, only to find that the difficulties in store for them are not merely physical."
s131,TV Show,60 Days In,United States,"November 1, 2020",2019,TV-MA,1 Season,Reality TV,"Recruited by a sheriff, volunteers infiltrate county prisons to expose corruption and crime from within the system in this docuseries."
s132,Movie,68 Kill,United States,"September 1, 2019",2017,R,96 min,"Comedies, Independent Movies, Thrillers",A hapless guy agrees to help his stunning – but psychotic – girlfriend rob her loathsome sugar daddy in a scheme as ill-conceived as it is violent.
s133,TV Show,7 (Seven),India,"July 30, 2019",2019,TV-14,1 Season,TV Shows,"Multiple women report their husbands as missing but when it appears they are looking for the same man, a police officer traces their cryptic connection."
s134,Movie,7 años,Spain,"October 27, 2016",2016,TV-MA,77 min,"Dramas, International Movies",Loyalties are tested and cruelties revealed when four business partners spend a tense evening debating who will pay for the crime they committed.
s135,TV Show,7 Days Out,United States,"December 21, 2018",2018,TV-PG,1 Season,Docuseries,"Witness the excitement and drama behind the scenes in the seven days leading up to major live events in the worlds of sports, fashion, space and food."
s136,Movie,7 Din Mohabbat In,Pakistan,"May 15, 2019",2018,TV-PG,137 min,"Comedies, International Movies, Music & Musicals","Given just seven days by a genie to find a girl who will fall for him, a nerdy young man embarks on a madcap and messy search for his would-be wife."
s137,Movie,7 Khoon Maaf,India,"August 2, 2018",2011,TV-MA,148 min,"Dramas, International Movies, Thrillers","Spiced liberally with black comedy, this Bollywood drama follows the lethal love life of a woman who marries numerous men – only to find them flawed."
s138,TV Show,72 Cutest Animals,Australia,"June 1, 2016",2016,TV-PG,1 Season,"Docuseries, International TV Shows, Science & Nature TV",This series examines the nature of cuteness and how adorability helps some animal species to survive and thrive in a variety of environments.
s139,TV Show,72 Dangerous Animals: Asia,Australia,"August 10, 2018",2018,TV-14,1 Season,"Docuseries, International TV Shows, Science & Nature TV","From fangs to claws to venomous stings, they all wield deadly weapons. But which creature will be crowned the fiercest of all?"
s140,TV Show,72 Dangerous Animals: Latin America,"Australia, United States","December 22, 2017",2017,TV-14,1 Season,"Docuseries, International TV Shows, Science & Nature TV","Powerful cats, indestructible arachnids and flesh-melting pit vipers are just the beginning in this series about Latin America's deadliest creatures."
s141,TV Show,72 Dangerous Places to Live,Australia,"June 1, 2016",2016,TV-PG,1 Season,"Docuseries, International TV Shows, Science & Nature TV","Get up close and personal with avalanches, fiery volcanoes and other natural cataclysms, and learn why some choose to live in their destructive paths."
s142,TV Show,7SEEDS,,"March 26, 2020",2020,TV-MA,2 Seasons,"Anime Series, International TV Shows","Shy Natsu awakens as part of a group chosen to ensure the survival of humanity. Together, they have to survive on a changed Earth."
s143,TV Show,9 Months That Made You,United States,"March 1, 2017",2016,TV-PG,1 Season,"British TV Shows, Docuseries, Science & Nature TV","Witness the wonders of human gestation through cutting-edge CGI, and learn how those nine months inside the womb can affect all aspects of one's life."
s144,Movie,90 ML,India,"August 13, 2019",2019,TV-MA,123 min,"Comedies, International Movies, Music & Musicals",Four friends shake up their lives when they meet a new woman in their apartment complex who encourages them to embrace their wild sides.
s145,Movie,93 Days,Nigeria,"March 5, 2020",2016,TV-PG,121 min,"Dramas, International Movies, Thrillers",Heroic health workers fight to contain an Ebola outbreak when a patient arrives in Lagos with symptoms of the deadly virus. Based on a true story.
s146,Movie,A 2nd Chance,Australia,"July 1, 2017",2011,PG,95 min,"Children & Family Movies, Dramas, Sports Movies","A gymnast lacks the confidence she needs to reach the top. But with the help of her new coach, she has the chance to win a spot on the national team."
s147,Movie,A 3 Minute Hug,"Mexico, United States","October 28, 2019",2019,TV-PG,28 min,"Documentaries, International Movies",This documentary captures the joy and heartbreak of families separated by the U.S.-Mexico border sharing a short but bittersweet reunion in 2018.
s148,Movie,A Babysitter's Guide to Monster Hunting,United States,"October 15, 2020",2020,TV-PG,99 min,Children & Family Movies,"Recruited by a secret society of babysitters, a high schooler battles the Boogeyman and his monsters when they nab the boy she's watching on Halloween."
s149,Movie,A Bad Moms Christmas,"United States, China","February 14, 2020",2017,R,104 min,Comedies,"Stressed-out moms Amy, Carla and Kiki are back, and the looming Christmas holiday gets even more daunting when their mothers show up for a visit."
s150,Movie,A Beautiful Life,"China, Hong Kong","December 1, 2018",2011,TV-14,122 min,"Dramas, International Movies, Romantic Movies","After meeting under awkward circumstances, a glamorous businesswoman and a tradition-bound policeman begin a relationship that changes their lives."
s151,Movie,A Billion Colour Story,India,"April 1, 2018",2016,TV-14,104 min,"Dramas, Independent Movies, International Movies",The curious child of idealistic interfaith parents observes an increasingly intolerant world as his family faces financial strain.
s152,Movie,A Boy Called Po,United States,"January 15, 2018",2016,PG,94 min,"Dramas, Sci-Fi & Fantasy","After his wife's death, an overworked engineer struggles to care for his son with autism, who regresses into a fantasy world to escape real-life bullying."
s153,TV Show,A Boy Name Flora A,Taiwan,"September 1, 2017",2017,TV-MA,1 Season,"International TV Shows, TV Comedies, TV Dramas",A 28-year-old layabout begins to re-examine his life when his dysfunctional family assembles to pay respects to a dying grandmother who won’t pass on.
s154,Movie,A Bridge Too Far,"United States, United Kingdom","July 1, 2020",1977,PG,176 min,"Action & Adventure, Classic Movies, Dramas",This wartime drama details a pivotal day in 1944 when an Allied task force tried to win World War II by seizing control of key bridges in Holland.
s155,Movie,A California Christmas,United States,"December 14, 2020",2020,PG-13,107 min,"Comedies, Romantic Movies","With his carefree lifestyle on the line, a wealthy charmer poses as a ranch hand to get a hardworking farmer to sell her family’s land before Christmas."
s156,Movie,A Champion Heart,United States,"April 14, 2020",2018,G,90 min,"Children & Family Movies, Dramas","When a grieving teen must work off her debt to a ranch, she cares for a wounded horse that teaches her more about healing than she expected."
s157,Movie,A Chaster Marriage,Turkey,"October 2, 2020",2016,TV-14,94 min,"Comedies, International Movies, Romantic Movies","Forced to wed his childhood friend, a man obsessed with football attempts to get rid of his wife in order to keep the woman he truly loves."
s158,Movie,A Choo,Taiwan,"October 14, 2020",2020,TV-14,101 min,"Action & Adventure, International Movies, Romantic Movies","Determined to win the heart of his childhood crush from orphanage, EJ becomes a boxer with superpowers and soon confronts a formidable villain."
s159,Movie,A Christmas Catch,Canada,"November 4, 2020",2018,TV-G,87 min,"Dramas, Romantic Movies",A cop working undercover to trail a possible diamond thief gets caught in a tricky spot when she finds new clues — and new feelings — for the suspect.
s160,Movie,A Christmas Prince,United States,"November 17, 2017",2017,TV-PG,92 min,"Children & Family Movies, Dramas, Romantic Movies",Christmas comes early for an aspiring young journalist when she's sent abroad to get the scoop on a dashing prince who's poised to be king.
s161,Movie,A Christmas Prince: The Royal Baby,United States,"December 5, 2019",2019,TV-PG,85 min,"Children & Family Movies, Dramas, Romantic Movies","Christmas brings the ultimate gift to Aldovia: a royal baby. But first, Queen Amber must save her family and kingdom by unwrapping a monarchy mystery."
s162,Movie,A Christmas Prince: The Royal Wedding,United States,"November 30, 2018",2018,TV-PG,93 min,"Children & Family Movies, Dramas, Romantic Movies","A year after helping Richard secure the crown, Amber returns to Aldovia to plan their wedding. But her simple tastes clash with royal protocol."
s163,Movie,A Christmas Special: Miraculous: Tales of Ladybug & Cat Noir,"France, South Korea, Japan","December 20, 2016",2016,TV-Y7,22 min,Movies,Parisian teen Marinette transforms herself into superhero Ladybug to find her lonely secret crush Adrien when he runs away from home at Christmas.
s164,Movie,A Cinderella Story,"United States, Canada","January 1, 2020",2004,PG,95 min,"Children & Family Movies, Comedies",Teen Sam meets the boy of her dreams at a dance before returning to toil in her stepmother's diner. Can her lost cell phone bring them together?
s165,Movie,A Cinderella Story: Christmas Wish,United States,"December 1, 2019",2019,PG,86 min,"Children & Family Movies, Comedies, Music & Musicals","Despite her vain stepmother and mean stepsisters, an aspiring singer works as an elf at a Christmas tree lot and finds her own holiday miracle."
s166,Movie,A Clockwork Orange,"United Kingdom, United States","November 1, 2020",1971,R,137 min,"Classic Movies, Cult Movies, Dramas","In this dark satire from director Stanley Kubrick, a young, vicious sociopath in a dystopian England undergoes an experimental rehabilitation therapy."
s167,Movie,A Dangerous Woman,United States,"April 1, 2018",1993,R,101 min,"Dramas, Romantic Movies","At the center of this engrossing melodrama is a Golden Globe-nominated turn by Debra Winger, who plays a sheltered, slow-witted woman living with her widowed Aunt Frances while working at a dry cleaners."
s168,Movie,A Fairly Odd Summer,United States,"November 2, 2019",2014,TV-Y7,68 min,"Children & Family Movies, Comedies","In this live-action adventure, the gang heads to Hawaii, where Timmy learns the source of all fairy magic is in dangerous hands."
s169,Movie,A Fall from Grace,United States,"January 17, 2020",2020,TV-MA,121 min,"Dramas, Thrillers","When gentle, law-abiding Grace confesses to killing her new husband, her skeptical young lawyer sets out to uncover the truth. A film by Tyler Perry."
s170,Movie,A Family Affair,"Netherlands, Denmark, South Africa","October 16, 2016",2015,TV-PG,111 min,"Documentaries, International Movies",The filmmaker hunts for the missing puzzle pieces of his family history during a visit with a complex and controversial figure: his grandmother.
s171,Movie,A Family Man,"Canada, United States","December 15, 2019",2016,R,110 min,Dramas,A ruthless corporate headhunter battles his rival for a promotion while dealing with a family crisis that threatens to derail his career.
s172,Movie,A Family Reunion Christmas,United States,"December 9, 2019",2019,TV-PG,29 min,Movies,M'Dear and her sisters struggle to keep their singing act together before a church Christmas pageant while Grandpa teaches the kids a valuable lesson.
s173,Movie,A Flying Jatt,India,"November 15, 2017",2016,TV-14,142 min,"Action & Adventure, International Movies, Sci-Fi & Fantasy",A timid man gets unexpected superpowers while trying to save his family's land and a sacred tree from a ruthless tycoon.
s174,Movie,A Fortunate Man,Denmark,"April 20, 2019",2018,TV-MA,168 min,"Dramas, International Movies","A gifted engineer flees his austere roots to pursue wealth and success among Copenhagen's elite, but the pride propelling him threatens to be his ruin."
s175,Movie,A Futile and Stupid Gesture,United States,"January 26, 2018",2018,TV-MA,102 min,Comedies,"In a brief life full of triumph and failure, ""National Lampoon"" co-founder Doug Kenney built a comedy empire, molding pop culture in the 1970s."
s176,Movie,A Ghost Story,United States,"January 7, 2020",2017,R,92 min,"Dramas, Independent Movies","Following a fatal car crash, a man's spirit remains stuck in the home he shared with his wife as doors into the past and future begin to open."
s177,Movie,A Glimpse Inside the Mind of Charles Swan III,United States,"July 15, 2018",2012,R,86 min,"Comedies, Independent Movies","When his girlfriend walks out and leaves him a wreck, a graphic designer – who seemed to have it all – sets out to discover where he went wrong."
s178,Movie,A Go! Go! Cory Carson Christmas,United States,"November 27, 2020",2020,TV-Y,22 min,Children & Family Movies,"When a familiar-looking stranger crashes in without a memory, Cory helps him remember the magic of Christmas to save the holiday for everyone."
s179,Movie,A Go! Go! Cory Carson Halloween,,"October 2, 2020",2020,TV-Y,22 min,Children & Family Movies,"Cory, Chrissy and Freddie are on the hunt for king-sized candy bars this Halloween! But are all the treats worth the trek to the spooky side of town?"
s180,Movie,A Go! Go! Cory Carson Summer Camp,,"August 4, 2020",2020,TV-Y,21 min,Children & Family Movies,"Cory's spending the summer at Camp Friendship with his best friend, Freddie. But jealousy flares when Freddie brings his cousin Rosie along for the ride."
s181,TV Show,A Good Wife,Taiwan,"January 1, 2017",2013,TV-14,1 Season,"International TV Shows, Romantic TV Shows, TV Dramas","As her seemingly idyllic life begins to crumble, a lonely woman in a restrictive marriage starts an affair with a gentle bookstore owner."
s182,Movie,A Grand Night In: The Story of Aardman,United Kingdom,"November 1, 2016",2015,TV-PG,59 min,Documentaries,"Aardman Animations icons Wallace & Gromit, Morph and more join fans and collaborators for a retrospective celebrating the studio's 40th anniversary."
s183,Movie,A Gray State,United States,"December 25, 2017",2017,TV-MA,93 min,Documentaries,"This documentary dissects the case of a filmmaker whose death, along with the deaths of his wife and daughter, sparked alt-right conspiracy theories."
s184,Movie,A Haunted House,United States,"February 21, 2020",2013,R,86 min,"Comedies, Horror Movies","This spoof on scary movies follows a young couple settling into a new home, where an evil spirit — and horrifyingly hilarious antics — await."
s185,Movie,A Haunting at Silver Falls: The Return,United States,"September 17, 2019",2019,TV-14,80 min,"Horror Movies, Independent Movies","When the ghost of her serial killer aunt seemingly resurfaces, Jordan must return to Silver Falls in hopes of finally putting an end to the torment."
s186,Movie,A Heavy Heart,Germany,"February 15, 2017",2015,TV-MA,109 min,"Dramas, Independent Movies, International Movies","Long past his heyday, a still-virile boxer tries to reconnect with his daughter as he confronts the onset of a terminal, degenerative neural disorder."
s187,Movie,A Holiday Engagement,United States,"November 4, 2019",2011,TV-G,92 min,"Children & Family Movies, Comedies, Romantic Movies",Hilary's plan to hire a good-looking guy to act as her boyfriend backfires when she brings him home for the holidays to try and fool her family.
s188,Movie,A Home with A View,Hong Kong,"April 30, 2019",2019,TV-MA,92 min,"Comedies, International Movies","When a neighbor blocks their view of the city with a commercial billboard, a Hong Kong family resorts to drastic, imaginative measures to take it down."
s189,TV Show,A House of Blocks,Taiwan,"September 1, 2017",2017,TV-PG,1 Season,"International TV Shows, TV Dramas, TV Horror","Yijuan and her mentally ill sister Kaiqi struggle to be happy in the face of misfortune, criminal intrigue, marital strife, an exorcism and a ghost."
s190,Movie,A Kid from Coney Island,"United States, China","July 6, 2020",2019,TV-MA,89 min,"Documentaries, Sports Movies","From gifted athlete to professional NBA hooper, Coney Island's Stephon Marbury navigates the pressures, pitfalls and peaks of his basketball journey."
s191,Movie,A Kind of Murder,United States,"May 1, 2017",2016,R,96 min,Thrillers,"Obsessed with an unsolved murder case, a crime novelist stuck in an unhappy marriage fantasizes about killing his wife, who soon turns up dead."
s192,TV Show,A Korean Odyssey,South Korea,"March 5, 2019",2017,TV-MA,1 Season,"International TV Shows, Korean TV Shows, Romantic TV Shows",A self-serving mythical creature's bid for invincibility backfires when he finds himself at the mercy of a woman who can see otherworldly beings.
s193,Movie,A Land Imagined,"France, Netherlands, Singapore","April 13, 2019",2019,TV-MA,95 min,"Dramas, International Movies",A cop in Singapore investigates the disappearance of a Chinese migrant construction worker who spent sleepless nights playing a mysterious video game.
s194,Movie,A Leaf of Faith,United States,"August 27, 2018",2018,TV-MA,87 min,Documentaries,"This documentary takes a deep dive into the benefits, dangers and lingering questions around Kratom leaf as an alternative to opioid painkillers."
s195,Movie,A Life of Speed: The Juan Manuel Fangio Story,Argentina,"March 20, 2020",2020,TV-14,93 min,"Documentaries, International Movies, Sports Movies","Juan Manuel Fangio was the Formula One king, winning five world championships in the early 1950s — before protective gear or safety features were used."
s196,TV Show,A Lion in the House,United States,"November 10, 2020",2006,TV-14,1 Season,TV Shows,Five kids and their resilient families navigate the treatments and traumas of pediatric cancer in this documentary filmed over the course of six years.
s197,Movie,A Little Chaos,United Kingdom,"April 17, 2019",2014,R,113 min,"Dramas, Independent Movies, International Movies","A willful young woman is hired to design a garden at Versailles for Louis XIV. Soon, she's ensnared in political and romantic complications."
s198,TV Show,A Little Help with Carol Burnett,United States,"May 4, 2018",2018,TV-G,1 Season,"Stand-Up Comedy & Talk Shows, TV Comedies","Comedy icon Carol Burnett returns to TV with a panel of clever kids, who help adults and celebrity guests solve their problems with brutal honesty."
s199,TV Show,A Little Thing Called First Love,China,"October 26, 2019",2019,TV-G,1 Season,"International TV Shows, Romantic TV Shows, Teen TV Shows",A shy college student with a knack for drawing develops a crush on a musically gifted classmate and embarks on a journey of self-discovery.
